题号,题目名称,难度
1,两数之和,Easy
2,两数相加,Medium
3,无重复字符的最长子串,Medium
4,寻找两个正序数组的中位数,Hard
5,最长回文子串,Medium
10,正则表达式匹配,Hard
11,盛最多水的容器,Medium
15,三数之和,Medium
17,电话号码的字母组合,Medium
19,删除链表的倒数第 N 个结点,Medium
20,有效的括号,Easy
21,合并两个有序链表,Easy
22,括号生成,Medium
23,合并 K 个升序链表,Hard
31,下一个排列,Medium
32,最长有效括号,Hard
33,搜索旋转排序数组,Medium
34,在排序数组中查找元素的第一个和最后一个位置,Medium
35,搜索插入位置,Easy
39,组合总和,Medium
41,缺失的第一个正数,Hard
42,接雨水,Hard
46,全排列,Medium
48,旋转图像,Medium
49,字母异位词分组,Medium
51,N 皇后,Hard
53,最大子数组和,Medium
54,螺旋矩阵,Medium
55,跳跃游戏,Medium
56,合并区间,Medium
62,不同路径,Medium
64,最小路径和,Medium
70,爬楼梯,Easy
72,编辑距离,Hard
73,矩阵置零,Medium
74,搜索二维矩阵,Medium
75,颜色分类,Medium
76,最小覆盖子串,Hard
78,子集,Medium
79,单词搜索,Medium
84,柱状图中最大的矩形,Hard
94,二叉树的中序遍历,Easy
96,不同的二叉搜索树,Medium
98,验证二叉搜索树,Medium
101,对称二叉树,Easy
102,二叉树的层序遍历,Medium
104,二叉树的最大深度,Easy
105,从前序与中序遍历序列构造二叉树,Medium
108,将有序数组转换为二叉搜索树,Easy
114,二叉树展开为链表,Medium
118,杨辉三角,Easy
121,买卖股票的最佳时机,Easy
124,二叉树中的最大路径和,Hard
128,最长连续序列,Medium
131,分割回文串,Medium
136,只出现一次的数字,Easy
138,复制带随机指针的链表,Medium
139,单词拆分,Medium
141,环形链表,Easy
142,环形链表 II,Medium
146,LRU 缓存,Medium
148,排序链表,Medium
152,乘积最大子数组,Medium
153,寻找旋转排序数组中的最小值,Medium
155,最小栈,Easy
160,相交链表,Easy
169,多数元素,Easy
189,轮转数组,Medium
198,打家劫舍,Medium
199,二叉树的右视图,Medium
200,岛屿数量,Medium
206,反转链表,Easy
207,课程表,Medium
208,实现 Trie (前缀树),Medium
215,数组中的第K个最大元素,Medium
221,最大正方形,Medium
226,翻转二叉树,Easy
230,二叉搜索树中第 K 小的元素,Medium
234,回文链表,Easy
236,二叉树的最近公共祖先,Medium
238,除自身以外数组的乘积,Medium
239,滑动窗口最大值,Hard
240,搜索二维矩阵 II,Medium
279,完全平方数,Medium
283,移动零,Easy
287,寻找重复数,Medium
295,数据流的中位数,Hard
300,最长递增子序列,Medium
322,零钱兑换,Medium
347,前 K 个高频元素,Medium
394,字符串解码,Medium
416,分割等和子集,Medium
437,路径总和 III,Medium
438,找到字符串中所有字母异位词,Medium
448,找到所有数组中消失的数字,Easy
543,二叉树的直径,Easy
560,和为 K 的子数组,Medium
739,每日温度,Medium
763,划分字母区间,Medium
994,腐烂的橘子,Medium
